{
  "$schema": "https://aka.ms/azure-quickstart-templates-metadata-schema#",
  "itemDisplayName": "Web app private link with Azure SQL DB and storage",
  "description": "Deploys an Azure App Services web app with regional virtual network injection to allow the app to access an Azure SQL DB & storage account over a private endpoint",
  "summary": "Deploys an Azure App Services web app with regional virtual network injection to allow the app to access an Azure SQL DB & storage account over a private endpoint",
  "githubUsername": "cbellee",
  "dateUpdated": "2021-05-12",
  "type": "QuickStart",
  "environments": [
    "AzureCloud"
  ]
}