{
    "$schema": "https://schema.management.azure.com/schemas/2019-04-01/deploymentTemplate.json#",
    "contentVersion": "1.0.0.0",
    "parameters": {
        "suffix": {
            "type": "string",
            "metadata": {
                "description": "naming suffix based on resource group name hash"
            }
        },
        "location": {
            "type": "string",
            "metadata": {
                "description": "location to deploy app service plan"
            }
        },
        "serverFarmSku": {
            "defaultValue": {
                "Tier": "Standard",
                "Name": "S1"
            },
            "type": "object",
            "metadata": {
                "description": "app service plan SKU"
            }
        }
    },
    "variables": {
        "serverFarmName": "[concat('app-svc-plan-', parameters('suffix'))]"
    },
    "resources": [
        {
            "type": "Microsoft.Web/serverfarms",
            "sku": "[parameters('serverFarmSku')]",
            "kind": "app",
            "name": "[tolower(variables('serverFarmName'))]",
            "apiVersion": "2019-08-01",
            "location": "[parameters('location')]"
        }
    ],
    "outputs": {
        "serverFarmName": {
            "type": "string",
            "value": "[variables('serverFarmName')]"
        }
    }
}
