{
  "$schema": "https://schema.management.azure.com/schemas/2019-04-01/deploymentTemplate.json#",
  "contentVersion": "1.0.0.0",
  "parameters": {
    "privateDnsZoneName": {
      "type": "string",
      "metadata": {
        "description": "private DNS zone name"
      }
    },
    "privateLinkNicIpConfigs": {
      "type": "array",
      "metadata": {
        "description": "private endpoint nic ip configuration array"
      }
    },
    "privateDnsRecordTemplateUri": {
      "type": "string",
      "metadata": {
        "description": "private dns zone record template resource URI"
      }
    }
  },
  "variables": {
  },
  "resources": [
    {
      "type": "Microsoft.Resources/deployments",
      "apiVersion": "2019-10-01",
      "name": "[concat('nestedTemplate-private-link-ipconfigs-helper', copyIndex())]",
      "copy": {
        "name": "privateLinkNicIpConfigCopy",
        "count": "[length(parameters('privateLinkNicIpConfigs'))]",
        "mode": "parallel"
      },
      "properties": {
        "mode": "Incremental",
        "parameters": {
          "privateDnsZoneName": {
            "value": "[parameters('privateDnsZoneName')]"
          },
          "privateLinkNicIpConfig": {
            "value": "[parameters('privateLinkNicIpConfigs')[copyIndex()]]"
          }
        },
        "templateLink": {
          "uri": "[parameters('privateDnsRecordTemplateUri')]"
        }
      }
    }
  ],
  "outputs": {
  },
  "functions": [
  ]
}
