{
    "$schema": "https://schema.management.azure.com/schemas/2019-04-01/deploymentTemplate.json#",
    "contentVersion": "1.0.0.0",
    "parameters": {
        "privateDnsZoneName": {
            "type": "string",
            "metadata": {
                "description": "private dns zone name"
            }
        },
        "virtualNetworkName": {
            "type": "string",
            "metadata": {
                "description": "virtual network name"
            }
        },
        "enableVmRegistration": {
            "type": "bool",
            "defaultValue": false,
            "metadata": {
                "description": "controls whether the dns zone will automatically register DNS records for resources in the virtual network"
            }
        }
    },
    "variables": {
    },
    "resources": [
        {
            "type": "Microsoft.Network/privateDnsZones",
            "apiVersion": "2020-01-01",
            "name": "[parameters('privateDnsZoneName')]",
            "location": "global"
        },
        {
            "type": "Microsoft.Network/privateDnsZones/virtualNetworkLinks",
            "apiVersion": "2020-01-01",
            "name": "[concat(parameters('privateDnsZoneName'), '/', parameters('privateDnsZoneName'), '-', parameters('virtualNetworkName'), '-link')]",
            "location": "global",
            "dependsOn": [
                "[resourceId('Microsoft.Network/privateDnsZones', parameters('privateDnsZoneName'))]"
            ],
            "properties": {
                "registrationEnabled": "[parameters('enableVmRegistration')]",
                "virtualNetwork": {
                    "id": "[resourceId('Microsoft.Network/virtualNetworks', parameters('virtualNetworkName'))]"
                }
            }
        }
    ],
    "outputs": {
    }
}
