{
    "$schema": "https://schema.management.azure.com/schemas/2019-04-01/deploymentTemplate.json#",
    "contentVersion": "1.0.0.0",
    "parameters": {
      "privateDnsZoneName": {
        "type":"string",
        "metadata":{
          "description": "private dns zone name"
        }
      },
      "privateLinkNicResource": {
        "type":"string",
        "metadata":{
          "description": "private endpoint Nic ipConfigurations array resource id"
        }
      },
      "privateLinkNicIpConfigTemplateUri": {
        "type":"string",
        "metadata":{
          "description": "ip configurations template resource URI"
        }
      },
      "privateDnsRecordTemplateUri": {
        "type":"string",
        "metadata":{
          "description": "private dns record template resource URI"
        }
      }
    },
    "variables": {
    },
    "resources": [
      {
        "type": "Microsoft.Resources/deployments",
        "apiVersion": "2019-10-01",
        "name": "private-link-ipconfigs",
        "properties": {
          "mode": "Incremental",
          "parameters":{
            "privateDnsZoneName": {"value": "[parameters('privateDnsZoneName')]"},
            "privateLinkNicIpConfigs": {"value": "[reference(parameters('privateLinkNicResource'), '2019-11-01').ipConfigurations]"},
            "privateDnsRecordTemplateUri": {"value": "[parameters('privateDnsRecordTemplateUri')]"}
          },
          "templateLink":{
            "uri": "[parameters('privateLinkNicIpConfigTemplateUri')]"
          }
        }
      }
    ],
    "outputs": {
    },
    "functions": [
    ]
  }
